{"last_download_success": 1616429656.8196602, "unseen_downloads": ["/home/akio/.config/variety/Downloaded/Unsplash/photo-1614159038996-f35d39c21290.jpg", "/home/akio/.config/variety/Downloaded/Unsplash/photo-1615136611620-607c9711c19c.jpg", "/home/akio/.config/variety/Downloaded/Unsplash/photo-1614335726201-2b1bcaaf697b.jpg", "/home/akio/.config/variety/Downloaded/Unsplash/photo-1615527484443-3a07221b5750.jpg", "/home/akio/.config/variety/Downloaded/Unsplash/photo-1613987549117-13c4781b32d3.jpg", "/home/akio/.config/variety/Downloaded/Unsplash/photo-1615250068983-3188832dfefc.jpg", "/home/akio/.config/variety/Downloaded/Unsplash/photo-1614851230397-9350758cea57.jpg", "/home/akio/.config/variety/Downloaded/Unsplash/photo-1614711089279-399f81a5bc6e.jpg", "/home/akio/.config/variety/Downloaded/Unsplash/photo-1616160973030-bb351a6a021e.jpg", "/home/akio/.config/variety/Downloaded/Unsplash/photo-1614643738701-b3e3b4245dbc.jpg", "/home/akio/.config/variety/Downloaded/Unsplash/photo-1613476775431-f085e65e9605.jpg"], "last_download_failure": 1616429174.2107687}